시간,시가,고가,저가,종가,5_종가,10_종가,20_종가,60_종가,120_종가,거래량,5_거래량,10_거래량,20_거래량,60_거래량,120_거래량
"01/29,15:30","74,400","74,400","74,400","74,400","74,960.00","75,000.00","75,025.00","74,955.00","74,833.33","1,415,380","330,601.20","182,790.20","101,205.90","66,801.88","49,493.21"
"01/29,15:19","75,200","75,200","75,100","75,100","75,080.00","75,070.00","75,060.00","74,963.33","74,835.00","38,955","53,655.40","43,296.60","41,591.80","43,344.97","37,762.63"
"01/29,15:18","75,100","75,200","75,100","75,100","75,060.00","75,070.00","75,055.00","74,960.00","74,831.67","47,529","58,964.40","41,256.90","40,288.15","42,872.37","37,470.71"
"01/29,15:17","75,200","75,200","75,100","75,100","75,060.00","75,060.00","75,050.00","74,955.00","74,828.33","34,431","55,203.80","39,102.40","38,693.00","44,703.50","37,128.73"
"01/29,15:16","75,000","75,200","75,000","75,100","75,040.00","75,060.00","75,050.00","74,948.33","74,824.17","116,711","53,040.80","37,797.50","37,835.35","44,290.90","36,880.39"
"01/29,15:15","75,000","75,100","75,000","75,000","75,040.00","75,050.00","75,050.00","74,943.33","74,820.83","30,651","34,979.20","27,751.80","36,828.10","42,479.20","35,978.68"
"01/29,15:14","75,000","75,100","75,000","75,000","75,060.00","75,060.00","75,050.00","74,938.33","74,817.50","65,500","32,937.80","26,838.80","37,061.65","42,084.58","35,766.13"
"01/29,15:13","75,000","75,100","75,000","75,100","75,080.00","75,070.00","75,050.00","74,933.33","74,815.00","28,726","23,549.40","21,960.80","34,495.75","41,099.63","35,247.00"
"01/29,15:12","75,000","75,100","75,000","75,000","75,060.00","75,060.00","75,050.00","74,928.33","74,810.83","23,616","23,001.00","20,599.40","34,103.35","40,747.83","35,059.95"
"01/29,15:11","75,000","75,100","75,000","75,100","75,080.00","75,060.00","75,050.00","74,925.00","74,808.33","26,403","22,554.20","20,679.30","33,679.35","40,607.13","34,992.71"
"01/29,15:10","75,000","75,100","75,000","75,100","75,060.00","75,050.00","75,045.00","74,918.33","74,804.17","20,444","20,524.40","19,621.60","56,494.55","40,417.08","35,706.78"
"01/29,15:09","75,000","75,100","75,000","75,100","75,060.00","75,050.00","75,035.00","74,913.33","74,799.17","18,558","20,739.80","39,887.00","56,228.00","40,189.33","35,692.52"
"01/29,15:08","75,100","75,100","75,000","75,000","75,060.00","75,040.00","75,025.00","74,906.67","74,795.00","25,984","20,372.20","39,319.40","56,532.90","39,991.90","35,560.18"
"01/29,15:07","75,000","75,100","75,000","75,100","75,060.00","75,040.00","75,020.00","74,903.33","74,791.67","21,382","18,197.80","38,283.60","56,027.40","40,032.08","35,363.55"
"01/29,15:06","75,000","75,100","75,000","75,000","75,040.00","75,040.00","75,010.00","74,898.33","74,786.67","16,254","18,804.40","37,873.20","55,628.95","40,500.92","35,331.03"
"01/29,15:05","75,000","75,100","75,000","75,100","75,040.00","75,050.00","75,010.00","74,895.00","74,783.33","21,521","18,718.80","45,904.40","55,931.80","43,523.03","35,269.89"
"01/29,15:04","75,000","75,100","75,000","75,100","75,040.00","75,040.00","75,000.00","74,891.67","74,779.17","16,720","59,034.20","47,284.50","55,781.95","43,361.38","35,107.84"
"01/29,15:03","75,100","75,100","75,000","75,000","75,020.00","75,030.00","74,990.00","74,888.33","74,774.17","15,112","58,266.60","47,030.70","57,145.60","43,488.97","34,986.91"
"01/29,15:02","75,000","75,100","75,000","75,000","75,020.00","75,040.00","74,985.00","74,885.00","74,770.00","24,415","58,369.40","47,607.30","56,826.05","43,700.03","34,889.78"
"01/29,15:01","75,100","75,100","75,000","75,000","75,040.00","75,040.00","74,975.00","74,883.33","74,765.83","15,826","56,942.00","46,679.40","59,875.00","43,396.45","34,713.59"
"01/29,15:00","75,100","75,200","75,000","75,100","75,060.00","75,040.00","74,975.00","74,881.67","74,761.67","223,098","73,090.00","93,367.50","59,717.30","43,263.28","34,683.46"
"01/29,14:59","75,000","75,100","75,000","75,000","75,040.00","75,020.00","74,965.00","74,878.33","74,757.50","12,882","35,534.80","72,569.00","49,067.90","39,719.75","32,868.07"
"01/29,14:58","75,000","75,100","75,000","75,000","75,040.00","75,010.00","74,960.00","74,876.67","74,753.33","15,626","35,794.80","73,746.40","48,881.30","39,619.17","32,786.75"
"01/29,14:57","75,000","75,100","75,000","75,100","75,060.00","75,000.00","74,955.00","74,873.33","74,750.00","17,278","36,845.20","73,771.20","48,628.15","39,509.67","32,760.11"
"01/29,14:56","75,100","75,100","75,000","75,100","75,040.00","74,980.00","74,945.00","74,868.33","74,745.00","96,566","36,416.80","73,384.70","49,321.10","43,170.75","32,694.38"
"01/29,14:55","75,000","75,100","75,000","75,000","75,020.00","74,970.00","74,935.00","74,861.67","74,740.00","35,322","113,645.00","65,959.20","50,870.85","41,659.23","32,771.73"
"01/29,14:54","75,100","75,100","75,000","75,000","75,000.00","74,960.00","74,930.00","74,856.67","74,735.00","14,182","109,603.20","64,279.40","49,850.85","41,176.85","32,544.91"
"01/29,14:53","75,000","75,100","75,000","75,100","74,980.00","74,950.00","74,930.00","74,851.67","74,730.00","20,878","111,698.00","67,260.50","49,953.45","41,861.65","32,475.66"
"01/29,14:52","75,000","75,100","75,000","75,000","74,940.00","74,930.00","74,925.00","74,845.00","74,724.17","15,136","110,697.20","66,044.80","59,472.55","42,934.07","32,336.67"
"01/29,14:51","75,000","75,100","74,900","75,000","74,920.00","74,910.00","74,915.00","74,840.00","74,719.17","482,707","110,352.60","73,070.60","59,353.30","42,972.63","32,224.32"
"01/29,14:50","74,900","75,000","74,900","74,900","74,920.00","74,910.00","74,910.00","74,835.00","74,714.17","15,113","18,273.40","26,067.10","35,654.95","35,047.72","28,220.56"
"01/29,14:49","74,900","75,000","74,900","74,900","74,920.00","74,910.00","74,910.00","74,831.67","74,710.00","24,656","18,955.60","25,566.80","38,885.35","34,978.68","28,138.94"
"01/29,14:48","75,000","75,000","74,900","74,900","74,920.00","74,910.00","74,900.00","74,828.33","74,705.83","15,874","22,823.00","24,016.20","38,092.55","34,746.92","27,972.55"
"01/29,14:47","75,000","75,000","74,900","74,900","74,920.00","74,910.00","74,890.00","74,825.00","74,702.50","13,413","21,392.40","23,485.10","44,353.40","34,801.12","27,877.33"
"01/29,14:46","74,900","75,000","74,900","75,000","74,900.00","74,910.00","74,890.00","74,823.33","74,698.33","22,311","35,788.60","25,257.50","44,462.90","36,782.55","27,830.93"
"01/29,14:45","74,900","75,000","74,900","74,900","74,900.00","74,900.00","74,880.00","74,816.67","74,694.17","18,524","33,860.80","35,782.50","44,324.25","37,537.22","27,667.62"
"01/29,14:44","74,800","75,000","74,800","74,900","74,900.00","74,900.00","74,875.00","74,813.33","74,690.00","43,993","32,178.00","35,422.30","44,195.70","37,321.28","27,542.00"
"01/29,14:43","74,800","74,900","74,800","74,900","74,900.00","74,910.00","74,870.00","74,810.00","74,686.67","8,721","25,209.40","32,646.40","42,682.25","36,720.80","27,191.37"
"01/29,14:42","75,000","75,000","74,800","74,800","74,900.00","74,920.00","74,865.00","74,805.00","74,683.33","85,394","25,577.80","52,900.30","43,182.45","36,699.92","27,145.67"
"01/29,14:41","75,000","75,000","74,900","75,000","74,920.00","74,920.00","74,870.00","74,801.67","74,680.00","12,672","14,726.40","45,636.00","39,581.70","35,357.80","26,485.04"
"01/29,14:40","74,900","75,000","74,900","74,900","74,900.00","74,910.00","74,865.00","74,795.00","74,675.00","10,110","37,704.20","45,242.80","39,482.45","35,235.52","26,944.22"
"01/29,14:39","74,900","75,000","74,900","74,900","74,900.00","74,910.00","74,865.00","74,791.67","74,670.00","9,150","38,666.60","52,203.90","39,375.20","35,150.80","26,911.66"
"01/29,14:38","75,000","75,000","74,900","74,900","74,920.00","74,890.00","74,865.00","74,788.33","74,665.83","10,563","40,083.40","52,168.90","39,447.65","35,119.07","27,292.26"
"01/29,14:37","74,900","74,900","74,800","74,900","74,940.00","74,870.00","74,860.00","74,783.33","74,661.67","31,137","80,222.80","65,221.70","46,789.35","37,008.50","27,297.58"
"01/29,14:36","74,900","75,000","74,800","74,900","74,920.00","74,870.00","74,850.00","74,778.33","74,658.33","127,561","76,545.60","63,668.30","45,716.25","36,586.43","27,143.28"
"01/29,14:35","75,000","75,000","74,900","74,900","74,920.00","74,860.00","74,845.00","74,773.33","74,655.00","14,922","52,781.40","52,866.00","39,738.65","34,584.47","26,374.43"
"01/29,14:34","74,900","75,000","74,900","75,000","74,920.00","74,850.00","74,835.00","74,768.33","74,650.83","16,234","65,741.20","52,969.10","39,341.25","37,013.90","26,305.89"
"01/29,14:33","74,800","75,000","74,800","75,000","74,860.00","74,830.00","74,820.00","74,760.00","74,646.67","211,260","64,254.40","52,718.10","38,849.70","36,841.65","26,211.79"
"01/29,14:32","74,800","74,900","74,800","74,800","74,800.00","74,810.00","74,810.00","74,753.33","74,641.67","12,751","50,220.60","33,464.60","28,667.60","33,437.73","24,814.88"
"01/29,14:31","74,900","74,900","74,800","74,900","74,820.00","74,820.00","74,810.00","74,750.00","74,638.33","8,740","50,791.00","33,527.40","28,788.75","36,383.90","24,731.63"
"01/29,14:30","74,800","74,900","74,700","74,900","74,800.00","74,820.00","74,800.00","74,745.00","74,635.00","79,721","52,950.60","33,722.10","29,101.75","36,341.45","24,691.74"
"01/29,14:29","74,700","74,800","74,700","74,700","74,780.00","74,820.00","74,795.00","74,741.67","74,630.83","8,800","40,197.00","26,546.50","25,454.65","35,199.00","24,070.09"
"01/29,14:28","74,800","74,900","74,700","74,700","74,800.00","74,840.00","74,795.00","74,740.00","74,629.17","141,091","41,181.80","26,726.40","25,350.25","35,248.38","24,031.63"
"01/29,14:27","74,800","74,900","74,800","74,900","74,820.00","74,850.00","74,800.00","74,738.33","74,626.67","15,603","16,708.60","28,357.00","19,715.45","33,150.62","22,896.55"
"01/29,14:26","74,900","74,900","74,800","74,800","74,820.00","74,830.00","74,795.00","74,733.33","74,623.33","19,538","16,263.80","27,764.20","21,410.90","33,028.73","22,795.46"
"01/29,14:25","74,900","74,900","74,800","74,800","74,840.00","74,830.00","74,795.00","74,730.00","74,620.83","15,953","14,493.60","26,611.30","30,313.05","32,848.05","22,667.36"
"01/29,14:24","74,800","74,900","74,800","74,800","74,860.00","74,820.00","74,800.00","74,726.67","74,617.50","13,724","12,896.00","25,713.40","30,106.50","32,654.63","22,569.13"
"01/29,14:23","74,900","74,900","74,800","74,800","74,880.00","74,810.00","74,805.00","74,723.33","74,614.17","18,725","12,271.00","24,981.30","30,639.05","32,567.60","22,501.95"
"01/29,14:22","74,800","74,900","74,800","74,900","74,880.00","74,810.00","74,805.00","74,720.00","74,610.83","13,379","40,005.40","23,870.60","31,091.60","32,338.05","22,367.93"
"01/29,14:21","74,900","74,900","74,800","74,900","74,840.00","74,800.00","74,805.00","74,715.00","74,606.67","10,687","39,264.60","24,050.10","30,732.65","32,264.23","22,291.63"
"01/29,14:20","74,900","74,900","74,800","74,900","74,820.00","74,780.00","74,805.00","74,711.67","74,603.33","7,965","38,729.00","24,481.40","30,590.10","32,184.53","22,849.78"
"01/29,14:19","74,900","74,900","74,800","74,900","74,780.00","74,770.00","74,805.00","74,706.67","74,600.00","10,599","38,530.80","24,362.80","30,716.15","32,180.30","22,823.28"
"01/29,14:18","74,700","74,900","74,700","74,800","74,740.00","74,750.00","74,805.00","74,703.33","74,596.67","157,397","37,691.60","23,974.10","30,528.55","32,069.05","22,770.86"
"01/29,14:17","74,700","74,800","74,700","74,700","74,740.00","74,750.00","74,805.00","74,701.67","74,594.17","9,675","7,735.80","11,073.90","23,111.50","29,553.95","21,492.22"
"01/29,14:16","74,700","74,800","74,700","74,800","74,760.00","74,760.00","74,810.00","74,700.00","74,593.33","8,009","8,835.60","15,057.60","34,474.90","29,469.88","21,431.79"
"01/29,14:15","74,700","74,800","74,700","74,700","74,740.00","74,760.00","74,805.00","74,698.33","74,590.83","6,974","10,233.80","34,014.80","34,368.20","29,478.15","21,394.25"
"01/29,14:14","74,700","74,800","74,700","74,700","74,760.00","74,780.00","74,805.00","74,696.67","74,590.00","6,403","10,194.80","34,499.60","34,338.45","29,447.67","21,354.85"
"01/29,14:13","74,700","74,800","74,700","74,800","74,760.00","74,800.00","74,805.00","74,696.67","74,589.17","7,618","10,256.60","36,296.80","36,781.80","29,394.37","21,518.68"
"01/29,14:12","74,700","74,800","74,700","74,800","74,760.00","74,800.00","74,800.00","74,693.33","74,588.33","15,174","14,412.00","38,312.60","40,662.05","29,372.07","21,517.94"
"01/29,14:11","74,700","74,800","74,700","74,700","74,760.00","74,810.00","74,795.00","74,691.67","74,586.67","15,000","21,279.60","37,415.20","40,775.85","29,378.28","21,444.52"
"01/29,14:10","74,800","74,800","74,700","74,800","74,780.00","74,830.00","74,795.00","74,690.00","74,585.83","6,779","57,795.80","36,698.80","40,386.45","30,996.48","22,403.88"
"01/29,14:09","74,800","74,800","74,700","74,700","74,800.00","74,840.00","74,790.00","74,685.00","74,584.17","6,712","58,804.40","37,069.50","40,596.05","31,195.70","22,378.68"
"01/29,14:08","74,800","74,800","74,700","74,800","74,840.00","74,860.00","74,790.00","74,683.33","74,582.50","28,395","62,337.00","37,083.00","40,797.95","31,128.47","22,344.36"
"01/29,14:07","74,800","74,900","74,800","74,800","74,840.00","74,860.00","74,785.00","74,680.00","74,580.83","49,512","62,213.20","35,149.10","40,334.50","30,695.02","22,133.44"
"01/29,14:06","74,800","74,900","74,700","74,800","74,860.00","74,860.00","74,785.00","74,675.00","74,578.33","197,581","53,550.80","53,892.20","44,473.85","30,161.15","22,798.53"
"01/29,14:05","74,900","74,900","74,800","74,900","74,880.00","74,850.00","74,775.00","74,671.67","74,575.83","11,822","15,601.80","34,721.60","37,974.35","27,016.75","21,187.28"
"01/29,14:04","74,900","74,900","74,800","74,900","74,880.00","74,830.00","74,765.00","74,666.67","74,573.33","24,375","15,334.60","34,177.30","37,661.65","26,854.30","21,153.21"
"01/29,14:03","74,900","74,900","74,800","74,800","74,880.00","74,810.00","74,755.00","74,660.00","74,570.00","27,776","11,829.00","37,266.80","36,841.10","26,484.85","20,977.65"
"01/29,14:02","74,900","74,900","74,800","74,900","74,880.00","74,800.00","74,745.00","74,655.00","74,567.50","6,200","8,085.00","43,011.50","35,825.70","26,079.53","20,956.38"
"01/29,14:01","74,800","74,900","74,800","74,900","74,860.00","74,780.00","74,730.00","74,648.33","74,564.17","7,836","54,233.60","44,136.50","35,759.05","26,030.73","21,597.50"
"01/29,14:00","74,900","74,900","74,800","74,900","74,820.00","74,760.00","74,715.00","74,641.67","74,560.83","10,486","53,841.40","44,074.10","35,634.00","26,103.63","21,562.99"
"01/29,13:59","74,800","74,900","74,800","74,900","74,780.00","74,740.00","74,705.00","74,636.67","74,557.50","6,847","53,020.00","44,122.60","35,361.05","26,016.40","21,538.58"
"01/29,13:58","74,900","74,900","74,800","74,800","74,740.00","74,720.00","74,695.00","74,630.00","74,554.17","9,056","62,704.60","44,512.90","35,381.00","25,954.33","22,286.41"
"01/29,13:57","74,800","74,900","74,700","74,800","74,720.00","74,710.00","74,685.00","74,626.67","74,551.67","236,943","77,938.00","45,519.90","41,124.65","26,010.55","22,244.13"
"01/29,13:56","74,700","74,800","74,700","74,700","74,700.00","74,710.00","74,675.00","74,621.67","74,548.33","5,875","34,039.40","35,055.50","29,568.15","22,218.02","20,308.19"
"01/29,13:55","74,800","74,800","74,700","74,700","74,700.00","74,700.00","74,670.00","74,618.33","74,546.67","6,379","34,306.80","41,227.10","29,646.55","23,884.22","20,294.18"
"01/29,13:54","74,700","74,800","74,600","74,700","74,700.00","74,700.00","74,665.00","74,613.33","74,545.00","55,270","35,225.20","41,146.00","37,362.00","23,912.97","20,272.17"
"01/29,13:53","74,800","74,800","74,600","74,700","74,700.00","74,700.00","74,655.00","74,608.33","74,542.50","85,223","26,321.20","36,415.40","34,893.45","23,089.67","19,834.36"
"01/29,13:52","74,700","74,800","74,700","74,700","74,700.00","74,690.00","74,650.00","74,603.33","74,540.00","17,450","13,101.80","28,639.90","30,983.55","21,739.27","19,179.31"
"01/29,13:51","74,700","74,800","74,700","74,700","74,720.00","74,680.00","74,645.00","74,598.33","74,538.33","7,212","36,071.60","27,381.60","39,587.10","21,476.00","19,312.50"
"01/29,13:50","74,800","74,800","74,700","74,700","74,700.00","74,670.00","74,640.00","74,593.33","74,536.67","10,971","48,147.40","27,193.90","39,536.15","21,393.40","19,316.08"
"01/29,13:49","74,800","74,800","74,700","74,700","74,700.00","74,670.00","74,640.00","74,588.33","74,535.00","10,750","47,066.80","26,599.50","39,546.30","21,299.20","19,286.08"
"01/29,13:48","74,700","74,800","74,700","74,700","74,700.00","74,670.00","74,635.00","74,583.33","74,532.50","19,126","46,509.60","26,249.10","39,596.95","21,198.18","19,234.73"
"01/29,13:47","74,600","74,800","74,600","74,800","74,680.00","74,660.00","74,630.00","74,580.00","74,530.00","132,299","44,178.00","36,729.40","39,401.90","20,953.55","19,106.74"
"01/29,13:46","74,700","74,700","74,600","74,600","74,640.00","74,640.00","74,620.00","74,573.33","74,526.67","67,591","18,691.60","24,080.80","33,201.45","18,879.32","18,042.03"
"01/29,13:45","74,600","74,700","74,600","74,700","74,640.00","74,640.00","74,620.00","74,571.67","74,525.00","5,568","6,240.40","18,066.00","30,256.75","17,798.02","17,522.58"
"01/29,13:44","74,600","74,700","74,600","74,700","74,640.00","74,630.00","74,615.00","74,566.67","74,522.50","7,964","6,132.20","33,578.00","30,195.75","17,762.72","17,508.92"
"01/29,13:43","74,600","74,700","74,600","74,600","74,640.00","74,610.00","74,610.00","74,563.33","74,520.00","7,468","5,988.60","33,371.50","30,222.65","17,661.93","17,472.95"
"01/29,13:42","74,600","74,700","74,600","74,600","74,640.00","74,610.00","74,610.00","74,561.67","74,519.17","4,867","29,280.80","33,327.20","30,096.85","17,591.42","17,448.55"
"01/29,13:41","74,600","74,700","74,600","74,600","74,640.00","74,610.00","74,610.00","74,558.33","74,518.33","5,335","29,470.00","51,792.60","30,301.00","17,612.28","17,442.44"
"01/29,13:40","74,700","74,700","74,600","74,700","74,640.00","74,610.00","74,615.00","74,555.00","74,517.50","5,027","29,891.60","51,878.40","30,329.50","18,652.92","17,516.71"
"01/29,13:39","74,600","74,700","74,600","74,700","74,620.00","74,610.00","74,610.00","74,548.33","74,515.83","7,246","61,023.80","52,493.10","30,463.70","18,672.52","18,299.97"
"01/29,13:38","74,600","74,700","74,500","74,600","74,580.00","74,600.00","74,610.00","74,543.33","74,514.17","123,929","60,754.40","52,944.80","30,297.60","19,465.45","18,510.86"
"01/29,13:37","74,700","74,700","74,600","74,600","74,580.00","74,600.00","74,615.00","74,540.00","74,513.33","5,813","37,373.60","42,074.40","24,425.70","17,586.67","17,524.97"
"01/29,13:36","74,600","74,700","74,600","74,600","74,580.00","74,600.00","74,615.00","74,538.33","74,513.33","7,443","74,115.20","42,322.10","24,366.60","17,700.13","17,516.54"
"01/29,13:35","74,500","74,700","74,500","74,600","74,580.00","74,600.00","74,620.00","74,536.67","74,513.33","160,688","73,865.20","42,447.50","24,419.70","18,164.38","17,481.18"
"01/29,13:34","74,500","74,600","74,500","74,500","74,600.00","74,600.00","74,620.00","74,533.33","74,512.50","5,899","43,962.40","26,813.50","16,642.55","15,597.88","16,188.87"
"01/29,13:33","74,500","74,600","74,500","74,600","74,620.00","74,610.00","74,630.00","74,533.33","74,512.50","7,025","45,135.20","27,073.80","16,507.85","15,581.93","16,263.02"
"01/29,13:32","74,600","74,700","74,500","74,600","74,620.00","74,610.00","74,630.00","74,530.00","74,512.50","189,521","46,775.20","26,866.50","16,470.60","16,192.02","16,232.53"
"01/29,13:31","74,700","74,700","74,600","74,600","74,620.00","74,610.00","74,635.00","74,526.67","74,511.67","6,193","10,529.00","8,809.40","7,771.90","13,079.35","14,685.43"
"01/29,13:30","74,600","74,700","74,600","74,700","74,620.00","74,620.00","74,635.00","74,525.00","74,510.83","11,174","11,029.80","8,780.60","13,066.85","13,042.03","14,729.09"
"01/29,13:29","74,600","74,700","74,600","74,600","74,600.00","74,610.00","74,625.00","74,520.00","74,509.17","11,763","9,664.60","8,434.30","13,444.75","12,941.18","14,674.86"
"01/29,13:28","74,600","74,700","74,600","74,600","74,600.00","74,620.00","74,625.00","74,518.33","74,509.17","15,225","9,012.40","7,650.40","12,990.50","12,814.88","14,601.33"
"01/29,13:27","74,700","74,700","74,600","74,600","74,600.00","74,630.00","74,625.00","74,515.00","74,508.33","8,290","6,957.80","6,777.00","12,348.65","12,642.48","14,518.69"
"01/29,13:26","74,700","74,700","74,600","74,600","74,600.00","74,630.00","74,620.00","74,513.33","74,508.33","8,697","7,089.80","6,411.10","12,808.15","12,562.18","14,842.71"
"01/29,13:25","74,600","74,700","74,600","74,600","74,620.00","74,640.00","74,620.00","74,511.67","74,507.50","4,348","6,531.40","6,391.90","12,819.15","12,486.67","15,441.29"
"01/29,13:24","74,700","74,700","74,600","74,600","74,620.00","74,640.00","74,620.00","74,508.33","74,506.67","8,502","7,204.00","6,471.60","12,705.50","12,483.62","15,512.99"
"01/29,13:23","74,600","74,700","74,600","74,600","74,640.00","74,650.00","74,615.00","74,505.00","74,505.00","4,952","6,288.40","5,941.90","12,390.80","12,436.30","15,469.74"
"01/29,13:22","74,600","74,700","74,600","74,600","74,660.00","74,650.00","74,610.00","74,501.67","74,504.17","8,950","6,596.20","6,074.70","12,316.05","12,397.82","15,602.59"
"01/29,13:21","74,700","74,700","74,600","74,700","74,660.00","74,660.00","74,605.00","74,498.33","74,503.33","5,905","5,732.40","6,734.40","12,032.15","12,319.02","15,782.14"
"01/29,13:20","74,700","74,700","74,600","74,600","74,660.00","74,650.00","74,595.00","74,495.00","74,501.67","7,711","6,252.40","17,353.10","12,347.40","13,515.02","15,758.21"
"01/29,13:19","74,700","74,700","74,600","74,700","74,660.00","74,640.00","74,595.00","74,493.33","74,500.00","3,924","5,739.20","18,455.20","12,224.45","13,466.27","15,883.87"
"01/29,13:18","74,600","74,700","74,600","74,700","74,660.00","74,630.00","74,585.00","74,490.00","74,498.33","6,491","5,595.40","18,330.60","12,184.40","13,472.67","16,102.52"
"01/29,13:17","74,600","74,700","74,600","74,600","74,640.00","74,620.00","74,580.00","74,486.67","74,496.67","4,631","5,553.20","17,920.30","12,481.30","13,430.48","16,272.38"
"01/29,13:16","74,700","74,700","74,600","74,700","74,660.00","74,610.00","74,575.00","74,486.67","74,495.83","8,505","7,736.40","19,205.20","12,719.30","13,393.70","16,377.26"
"01/29,13:15","74,700","74,700","74,600","74,600","74,640.00","74,600.00","74,565.00","74,483.33","74,494.17","5,145","28,453.80","19,246.40","17,586.40","13,310.35","16,603.38"
"01/29,13:14","74,700","74,700","74,600","74,700","74,620.00","74,600.00","74,555.00","74,483.33","74,493.33","3,205","31,171.20","18,939.40","17,734.35","13,262.03","16,680.54"
"01/29,13:13","74,700","74,700","74,600","74,600","74,600.00","74,580.00","74,540.00","74,481.67","74,492.50","6,280","31,065.80","18,839.70","17,867.70","13,642.98","16,789.03"
"01/29,13:12","74,600","74,700","74,600","74,700","74,600.00","74,570.00","74,530.00","74,483.33","74,491.67","15,547","30,287.40","18,557.40","17,763.65","13,663.82","17,217.06"
"01/29,13:11","74,500","74,700","74,500","74,600","74,560.00","74,550.00","74,515.00","74,481.67","74,490.00","112,092","30,674.00","17,329.90","17,069.00","13,510.75","17,116.84"
"01/29,13:10","74,600","74,600","74,500","74,500","74,560.00","74,540.00","74,505.00","74,481.67","74,489.17","18,732","10,039.00","7,341.70","11,577.20","13,811.27","16,201.33"
"01/29,13:09","74,600","74,600","74,500","74,600","74,580.00","74,550.00","74,500.00","74,483.33","74,489.17","2,678","6,707.60","5,993.70","10,906.55","13,561.67","16,266.81"
"01/29,13:08","74,500","74,600","74,500","74,600","74,560.00","74,540.00","74,490.00","74,481.67","74,488.33","2,388","6,613.60","6,038.20","11,007.10","13,560.25","16,614.33"
"01/29,13:07","74,500","74,600","74,500","74,500","74,540.00","74,540.00","74,485.00","74,481.67","74,487.50","17,480","6,827.40","7,042.30","11,110.10","13,571.87","16,685.02"
"01/29,13:06","74,600","74,600","74,500","74,600","74,540.00","74,540.00","74,480.00","74,481.67","74,487.50","8,917","3,985.80","6,233.40","10,628.35","15,435.92","16,820.24"
"01/29,13:05","74,500","74,600","74,500","74,600","74,520.00","74,530.00","74,475.00","74,480.00","74,485.83","2,075","4,644.40","15,926.40","10,318.15","15,357.80","17,574.66"
"01/29,13:04","74,600","74,600","74,500","74,500","74,520.00","74,510.00","74,465.00","74,480.00","74,484.17","2,208","5,279.80","16,529.30","10,386.90","15,452.12","18,498.63"
"01/29,13:03","74,500","74,600","74,500","74,500","74,520.00","74,500.00","74,465.00","74,480.00","74,485.00","3,457","5,462.80","16,895.70","10,372.35","15,470.45","18,516.98"
"01/29,13:02","74,600","74,600","74,500","74,500","74,540.00","74,490.00","74,465.00","74,480.00","74,485.83","3,272","7,257.20","16,969.90","10,361.35","15,833.22","18,535.85"
"01/29,13:01","74,600","74,600","74,500","74,500","74,540.00","74,480.00","74,460.00","74,480.00","74,486.67","12,210","8,481.00","16,808.10","10,503.70","17,164.27","18,563.06"
"01/29,13:00","74,600","74,600","74,500","74,600","74,540.00","74,470.00","74,455.00","74,480.00","74,486.67","5,252","27,208.40","15,812.70","13,281.85","17,022.35","18,527.60"
"01/29,12:59","74,500","74,600","74,500","74,500","74,500.00","74,450.00","74,440.00","74,478.33","74,485.83","3,123","27,778.80","15,819.40","13,329.40","17,060.77","18,529.44"
"01/29,12:58","74,600","74,600","74,500","74,600","74,480.00","74,440.00","74,435.00","74,478.33","74,485.83","12,429","28,328.60","15,976.00","15,914.35","18,618.48","18,527.98"
"01/29,12:57","74,500","74,600","74,500","74,500","74,440.00","74,430.00","74,425.00","74,476.67","74,485.00","9,391","26,682.60","15,177.90","15,853.00","18,477.70","19,027.21"
"01/29,12:56","74,400","74,500","74,400","74,500","74,420.00","74,420.00","74,425.00","74,475.00","74,486.67","105,847","25,135.20","15,023.30","16,014.50","18,398.37","18,985.96"
"01/29,12:55","74,400","74,500","74,400","74,400","74,400.00","74,420.00","74,425.00","74,475.00","74,488.33","8,104","4,417.00","4,709.90","12,487.05","16,704.13","18,212.38"
"01/29,12:54","74,400","74,500","74,400","74,400","74,400.00","74,420.00","74,425.00","74,476.67","74,490.00","5,872","3,860.00","4,244.50","12,416.75","16,631.37","18,467.67"
"01/29,12:53","74,400","74,500","74,400","74,400","74,400.00","74,430.00","74,430.00","74,476.67","74,491.67","4,199","3,623.40","3,849.00","12,370.25","16,579.05","18,648.63"
"01/29,12:52","74,500","74,500","74,400","74,400","74,420.00","74,440.00","74,430.00","74,476.67","74,493.33","1,654","3,673.20","3,752.80","14,341.80","16,619.35","18,688.16"
"01/29,12:51","74,500","74,500","74,400","74,400","74,420.00","74,440.00","74,430.00","74,478.33","74,494.17","2,256","4,911.40","4,199.30","14,397.15","17,149.00","19,536.72"
"01/29,12:50","74,500","74,500","74,400","74,400","74,440.00","74,440.00","74,435.00","74,480.00","74,495.00","5,319","5,002.80","10,751.00","14,482.05","17,238.75","19,606.89"
"01/29,12:49","74,400","74,500","74,400","74,400","74,440.00","74,430.00","74,435.00","74,481.67","74,495.83","4,689","4,629.00","10,839.40","14,472.25","17,272.95","19,667.51"
"01/29,12:48","74,400","74,500","74,400","74,500","74,460.00","74,430.00","74,440.00","74,481.67","74,496.67","4,448","4,074.60","15,852.70","14,447.05","17,271.28","19,699.88"
"01/29,12:47","74,400","74,500","74,400","74,400","74,460.00","74,420.00","74,435.00","74,480.00","74,496.67","7,845","3,832.40","16,528.10","14,468.70","17,259.93","20,608.44"
"01/29,12:46","74,500","74,500","74,400","74,500","74,460.00","74,430.00","74,440.00","74,480.00","74,498.33","2,713","3,487.20","17,005.70","14,250.05","17,204.75","20,649.83"
"01/29,12:45","74,400","74,500","74,400","74,400","74,440.00","74,430.00","74,440.00","74,478.33","74,499.17","3,450","16,499.20","20,264.20","14,322.70","17,247.15","20,690.73"
"01/29,12:44","74,500","74,500","74,400","74,500","74,420.00","74,430.00","74,440.00","74,478.33","74,500.83","1,917","17,049.80","20,589.00","14,358.45","17,255.12","20,750.44"
"01/29,12:43","74,400","74,500","74,400","74,500","74,400.00","74,430.00","74,435.00","74,476.67","74,502.50","3,237","27,630.80","20,891.50","14,545.75","17,283.97","20,807.27"
"01/29,12:42","74,400","74,500","74,400","74,400","74,380.00","74,420.00","74,430.00","74,476.67","74,503.33","6,119","29,223.80","24,930.80","14,516.05","17,305.68","20,843.37"
"01/29,12:41","74,300","74,500","74,300","74,400","74,400.00","74,420.00","74,430.00","74,478.33","74,505.00","67,773","30,524.20","24,595.00","14,421.20","17,272.60","20,922.89"
"01/29,12:40","74,400","74,400","74,300","74,300","74,420.00","74,430.00","74,435.00","74,480.00","74,506.67","6,203","24,029.20","18,213.10","14,915.80","16,380.50","20,773.12"
"01/29,12:39","74,400","74,500","74,300","74,400","74,440.00","74,440.00","74,445.00","74,483.33","74,509.17","54,822","24,128.20","18,105.10","14,844.95","17,927.43","21,001.07"
"01/29,12:38","74,400","74,500","74,400","74,400","74,460.00","74,450.00","74,450.00","74,485.00","74,510.00","11,202","14,152.20","13,041.40","12,319.25","17,556.27","20,576.45"
"01/29,12:37","74,400","74,500","74,400","74,500","74,460.00","74,450.00","74,455.00","74,486.67","74,510.83","12,621","20,637.80","12,409.30","11,957.15","17,463.27","20,530.88"
"01/29,12:36","74,400","74,500","74,400","74,500","74,440.00","74,450.00","74,460.00","74,488.33","74,511.67","35,298","18,665.80","11,494.40","11,447.30","17,332.95","20,443.22"
"01/29,12:35","74,400","74,500","74,400","74,400","74,440.00","74,450.00","74,460.00","74,490.00","74,512.50","6,698","12,397.00","8,381.20","9,857.60","16,797.98","20,773.02"
"01/29,12:34","74,500","74,500","74,400","74,500","74,440.00","74,450.00","74,470.00","74,491.67","74,514.17","4,942","12,082.00","8,127.90","9,635.00","16,779.85","20,741.39"
"01/29,12:33","74,400","74,500","74,400","74,400","74,440.00","74,440.00","74,475.00","74,491.67","74,515.00","43,630","11,930.60","8,200.00","10,691.00","16,944.10","21,207.34"
"01/29,12:32","74,400","74,500","74,400","74,400","74,440.00","74,440.00","74,490.00","74,495.00","74,516.67","2,761","4,180.80","4,101.30","8,886.00","16,273.05","21,946.03"
"01/29,12:31","74,400","74,500","74,400","74,500","74,460.00","74,440.00","74,500.00","74,496.67","74,517.50","3,954","4,323.00","4,247.40","9,066.10","16,291.52","22,756.60"
"01/29,12:30","74,500","74,500","74,400","74,400","74,460.00","74,440.00","74,505.00","74,496.67","74,518.33","5,123","4,365.40","11,618.50","15,374.55","16,416.15","22,785.64"
"01/29,12:29","74,500","74,500","74,400","74,500","74,460.00","74,450.00","74,515.00","74,498.33","74,520.00","4,185","4,173.80","11,584.80","15,306.20","16,408.53","23,277.73"
"01/29,12:28","74,500","74,500","74,400","74,400","74,440.00","74,450.00","74,515.00","74,500.00","74,521.67","4,881","4,469.40","11,597.10","15,226.60","16,387.78","24,062.42"
"01/29,12:27","74,500","74,500","74,400","74,500","74,440.00","74,460.00","74,525.00","74,501.67","74,523.33","3,472","4,021.80","11,505.00","15,136.80","16,394.90","24,133.65"
"01/29,12:26","74,500","74,500","74,400","74,500","74,420.00","74,470.00","74,525.00","74,503.33","74,525.00","4,166","4,171.80","11,400.20","21,429.35","17,123.23","24,912.66"
"01/29,12:25","74,400","74,500","74,400","74,400","74,420.00","74,470.00","74,525.00","74,503.33","74,525.00","4,165","18,871.60","11,334.00","21,432.55","18,395.92","25,201.23"
"01/29,12:24","74,500","74,500","74,400","74,400","74,440.00","74,490.00","74,535.00","74,505.00","74,525.83","5,663","18,995.80","11,142.10","21,611.00","18,542.37","25,587.85"
"01/29,12:23","74,500","74,500","74,400","74,400","74,460.00","74,510.00","74,540.00","74,505.00","74,526.67","2,643","18,724.80","13,182.00","21,493.25","18,503.18","25,944.37"
"01/29,12:22","74,400","74,500","74,400","74,400","74,480.00","74,540.00","74,545.00","74,506.67","74,527.50","4,222","18,988.20","13,670.70","22,622.25","18,807.37","26,484.60"
"01/29,12:21","74,600","74,600","74,400","74,500","74,520.00","74,560.00","74,550.00","74,508.33","74,528.33","77,665","18,628.60","13,884.80","26,567.90","19,245.27","26,623.03"
"01/29,12:20","74,500","74,600","74,500","74,500","74,520.00","74,570.00","74,550.00","74,508.33","74,528.33","4,786","3,796.40","19,130.60","22,869.40","18,001.40","26,015.36"
"01/29,12:19","74,600","74,600","74,500","74,500","74,540.00","74,580.00","74,550.00","74,506.67","74,527.50","4,308","3,288.40","19,027.60","23,007.95","18,301.47","27,157.97"
"01/29,12:18","74,600","74,600","74,500","74,500","74,560.00","74,580.00","74,550.00","74,506.67","74,526.67","3,960","7,639.20","18,856.10","27,621.85","18,732.37","27,177.78"
"01/29,12:17","74,600","74,600","74,500","74,600","74,600.00","74,590.00","74,550.00","74,506.67","74,525.83","2,424","8,353.20","18,768.60","27,622.95","19,114.28","27,460.30"
"01/29,12:16","74,600","74,600","74,500","74,500","74,600.00","74,580.00","74,540.00","74,505.00","74,525.00","3,504","9,141.00","31,458.50","27,733.30","19,360.82","27,925.86"
"01/29,12:15","74,600","74,600","74,500","74,600","74,620.00","74,580.00","74,540.00","74,505.00","74,524.17","2,246","34,464.80","31,531.10","27,767.75","19,896.40","28,360.45"
"01/29,12:14","74,600","74,700","74,500","74,600","74,620.00","74,580.00","74,535.00","74,503.33","74,521.67","26,062","34,766.80","32,079.90","27,842.35","20,099.05","28,501.48"
"01/29,12:13","74,600","74,700","74,600","74,700","74,600.00","74,570.00","74,525.00","74,503.33","74,520.00","7,530","30,073.00","29,804.50","26,675.90","19,935.07","28,674.57"
"01/29,12:12","74,600","74,700","74,600","74,600","74,580.00","74,550.00","74,510.00","74,500.00","74,517.50","6,363","29,184.00","31,573.80","26,630.25","20,770.30","29,351.93"
"01/29,12:11","74,500","74,700","74,500","74,600","74,560.00","74,540.00","74,505.00","74,498.33","74,516.67","130,123","53,776.00","39,251.00","27,983.75","20,722.93","30,026.03"
"01/29,12:10","74,500","74,600","74,500","74,600","74,540.00","74,530.00","74,500.00","74,496.67","74,515.00","3,756","28,597.40","26,608.20","21,859.65","18,591.38","29,012.68"
"01/29,12:09","74,600","74,600","74,500","74,500","74,540.00","74,520.00","74,495.00","74,495.00","74,512.50","2,593","29,393.00","26,988.30","22,040.40","18,971.95","29,552.17"
"01/29,12:08","74,500","74,600","74,500","74,600","74,540.00","74,520.00","74,490.00","74,495.00","74,510.83","3,085","29,536.00","36,387.60","22,140.20","19,668.42","30,727.43"
"01/29,12:07","74,600","74,600","74,500","74,500","74,520.00","74,510.00","74,480.00","74,493.33","74,506.67","129,323","33,963.60","36,477.30","22,174.30","19,798.17","30,833.82"
"01/29,12:06","74,500","74,600","74,500","74,500","74,520.00","74,500.00","74,475.00","74,493.33","74,503.33","4,230","24,726.00","24,008.10","15,934.85","18,204.57","30,244.69"
"01/29,12:05","74,600","74,600","74,500","74,600","74,520.00","74,500.00","74,470.00","74,491.67","74,500.00","7,734","24,619.00","24,004.40","15,986.20","19,791.52","30,275.39"
"01/29,12:04","74,500","74,600","74,500","74,500","74,500.00","74,490.00","74,460.00","74,488.33","74,495.83","3,308","24,583.60","23,604.80","15,795.90","21,545.15","30,248.02"
"01/29,12:03","74,400","74,600","74,400","74,500","74,500.00","74,480.00","74,455.00","74,490.00","74,493.33","25,223","43,239.20","23,547.30","15,812.90","21,563.52","30,278.77"
"01/29,12:02","74,500","74,600","74,400","74,500","74,500.00","74,470.00","74,455.00","74,491.67","74,490.83","83,135","38,991.00","21,686.70","14,778.75","21,238.48","30,214.53"
"01/29,12:01","74,500","74,500","74,400","74,500","74,480.00","74,470.00","74,455.00","74,493.33","74,488.33","3,695","23,290.20","16,716.50","10,828.70","19,961.85","29,842.41"
"01/29,12:00","74,500","74,500","74,400","74,500","74,480.00","74,470.00","74,455.00","74,493.33","74,485.00","7,557","23,389.80","17,111.10","11,356.30","20,032.85","30,115.92"
"01/29,11:59","74,500","74,500","74,400","74,500","74,480.00","74,470.00","74,455.00","74,493.33","74,482.50","96,586","22,626.00","17,092.50","15,929.40","19,998.12","30,521.34"
"01/29,11:58","74,400","74,500","74,400","74,500","74,460.00","74,460.00","74,455.00","74,493.33","74,479.17","3,982","3,855.40","7,892.80","12,727.70","18,437.48","29,785.81"
"01/29,11:57","74,400","74,500","74,400","74,400","74,440.00","74,450.00","74,455.00","74,493.33","74,476.67","4,631","4,382.40","7,871.30","12,809.70","19,576.72","29,801.10"
"01/29,11:56","74,400","74,500","74,400","74,500","74,460.00","74,450.00","74,465.00","74,498.33","74,475.00","4,193","10,142.80","7,861.60","12,818.25","19,573.55","29,792.18"
"01/29,11:55","74,400","74,500","74,400","74,500","74,460.00","74,440.00","74,470.00","74,501.67","74,471.67","3,738","10,832.40","7,968.00","12,768.60","19,720.62","29,791.20"
"01/29,11:54","74,400","74,500","74,400","74,400","74,460.00","74,430.00","74,470.00","74,503.33","74,469.17","2,733","11,559.00","7,987.00","12,862.20","20,303.97","29,808.73"
"01/29,11:53","74,400","74,500","74,400","74,400","74,460.00","74,430.00","74,475.00","74,506.67","74,466.67","6,617","11,930.20","8,078.50","13,465.40","20,718.20","29,873.27"
"01/29,11:52","74,400","74,500","74,400","74,500","74,460.00","74,440.00","74,485.00","74,510.00","74,465.00","33,433","11,360.20","7,870.80","13,302.90","20,756.97","29,861.48"
"01/29,11:51","74,400","74,500","74,400","74,500","74,440.00","74,440.00","74,485.00","74,510.00","74,462.50","7,641","5,580.40","4,940.90","11,824.70","21,924.43","29,756.14"
"01/29,11:50","74,400","74,500","74,400","74,500","74,420.00","74,440.00","74,485.00","74,510.00","74,459.17","7,371","5,103.60","5,601.50","12,014.25","21,975.03","29,734.32"
"01/29,11:49","74,500","74,500","74,400","74,400","74,400.00","74,440.00","74,485.00","74,510.00","74,456.67","4,589","4,415.00","14,766.30","11,879.00","22,062.07","30,260.38"
"01/29,11:48","74,500","74,500","74,400","74,400","74,400.00","74,450.00","74,495.00","74,511.67","74,454.17","3,767","4,226.80","17,562.60","11,796.55","22,128.47","31,096.38"
"01/29,11:47","74,500","74,500","74,400","74,400","74,420.00","74,460.00","74,500.00","74,513.33","74,451.67","4,534","4,381.40","17,748.10","11,873.60","23,956.95","31,112.46"
"01/29,11:46","74,500","74,500","74,400","74,400","74,440.00","74,480.00","74,510.00","74,516.67","74,448.33","5,257","4,301.40","17,774.90","14,005.50","24,094.92","31,112.18"
"01/29,11:45","74,400","74,500","74,400","74,400","74,460.00","74,500.00","74,515.00","74,520.00","74,445.00","3,928","6,099.40","17,569.20","17,769.00","24,134.32","31,736.08"
"01/29,11:44","74,400","74,500","74,400","74,400","74,480.00","74,510.00","74,520.00","74,523.33","74,442.50","3,648","25,117.60","17,737.40","18,220.20","24,245.77","31,752.81"
"01/29,11:43","74,500","74,500","74,400","74,500","74,500.00","74,520.00","74,520.00","74,528.33","74,439.17","4,540","30,898.40","18,852.30","18,203.40","24,330.57","32,221.91"
"01/29,11:42","74,400","74,500","74,400","74,500","74,500.00","74,530.00","74,520.00","74,530.00","74,434.17","4,134","31,114.80","18,735.00","19,021.10","24,381.05","32,219.39"
"01/29,11:41","74,500","74,500","74,400","74,500","74,520.00","74,530.00","74,520.00","74,531.67","74,430.00","14,247","31,248.40","18,708.50","20,339.20","24,573.18","32,953.16"
"01/29,11:40","74,600","74,600","74,400","74,500","74,540.00","74,530.00","74,520.00","74,533.33","74,426.67","99,019","29,039.00","18,427.00","19,778.50","25,165.73","32,874.69"
"01/29,11:39","74,600","74,600","74,500","74,500","74,540.00","74,530.00","74,515.00","74,535.00","74,423.33","32,552","10,357.20","8,991.70","15,967.05","24,074.70","32,763.74"
"01/29,11:38","74,600","74,600","74,500","74,500","74,540.00","74,540.00","74,515.00","74,535.00","74,420.00","5,622","6,806.20","6,030.50","15,847.55","23,596.63","33,469.36"
"01/29,11:37","74,500","74,600","74,500","74,600","74,560.00","74,540.00","74,515.00","74,535.00","74,415.83","4,802","6,355.20","5,999.10","16,910.20","23,598.48","33,503.93"
"01/29,11:36","74,600","74,600","74,500","74,600","74,540.00","74,540.00","74,510.00","74,535.00","74,410.00","3,200","6,168.60","10,236.10","17,530.90","23,553.48","33,524.78"
"01/29,11:35","74,600","74,600","74,500","74,500","74,520.00","74,530.00","74,505.00","74,535.00","74,404.17","5,610","7,815.00","17,968.80","19,152.85","24,748.05","33,570.78"
"01/29,11:34","74,600","74,600","74,500","74,500","74,520.00","74,530.00","74,505.00","74,536.67","74,400.00","14,797","7,626.20","18,703.00","19,592.60","24,702.93","33,570.44"
"01/29,11:33","74,500","74,600","74,500","74,600","74,540.00","74,520.00","74,510.00","74,538.33","74,395.83","3,367","5,254.80","17,554.50","19,663.90","25,470.58","33,504.41"
"01/29,11:32","74,500","74,600","74,500","74,500","74,520.00","74,510.00","74,505.00","74,538.33","74,390.83","3,869","5,643.00","19,307.20","22,377.75","27,619.00","33,528.82"
"01/29,11:31","74,500","74,600","74,500","74,500","74,540.00","74,510.00","74,505.00","74,538.33","74,386.67","11,432","14,303.60","21,969.90","22,360.35","29,221.68","33,573.90"
"01/29,11:30","74,500","74,600","74,500","74,500","74,540.00","74,510.00","74,505.00","74,540.00","74,382.50","4,666","28,122.60","21,130.00","21,900.25","29,155.13","33,541.02"
"01/29,11:29","74,500","74,600","74,500","74,600","74,540.00","74,500.00","74,505.00","74,541.67","74,378.33","2,940","29,779.80","22,942.40","22,996.45","30,146.92","33,903.10"
"01/29,11:28","74,600","74,600","74,500","74,500","74,500.00","74,490.00","74,500.00","74,543.33","74,372.50","5,308","29,854.20","25,664.60","25,068.50","31,737.05","33,989.76"
"01/29,11:27","74,500","74,600","74,400","74,600","74,500.00","74,490.00","74,500.00","74,545.00","74,367.50","47,172","32,971.40","27,821.30","25,346.60","31,872.40","34,767.93"
"01/29,11:26","74,500","74,600","74,400","74,500","74,480.00","74,480.00","74,495.00","74,546.67","74,360.83","80,527","29,636.20","24,825.70","24,673.35","32,702.08","34,564.28"
"01/29,11:25","74,500","74,500","74,400","74,500","74,480.00","74,480.00","74,490.00","74,546.67","74,355.00","12,952","14,137.40","20,336.90","25,619.35","32,006.53","34,080.18"
"01/29,11:24","74,400","74,500","74,400","74,400","74,460.00","74,480.00","74,485.00","74,546.67","74,350.00","3,312","16,105.00","20,482.20","30,619.35","32,633.33","34,583.88"
"01/29,11:23","74,500","74,600","74,400","74,500","74,480.00","74,500.00","74,495.00","74,548.33","74,345.83","20,894","21,475.00","21,773.30","30,674.25","33,385.55","35,791.50"
"01/29,11:22","74,500","74,600","74,400","74,500","74,480.00","74,500.00","74,500.00","74,548.33","74,339.17","30,496","22,671.20","25,448.30","29,915.60","34,161.83","35,683.40"
"01/29,11:21","74,400","74,500","74,400","74,500","74,480.00","74,500.00","74,505.00","74,548.33","74,333.33","3,033","20,015.20","22,750.80","28,717.65","34,000.78","35,466.44"
"01/29,11:20","74,500","74,600","74,400","74,400","74,480.00","74,500.00","74,505.00","74,548.33","74,327.50","22,790","26,536.40","22,670.50","28,963.75","34,029.32","36,194.27"
"01/29,11:19","74,400","74,600","74,400","74,500","74,500.00","74,510.00","74,510.00","74,548.33","74,321.67","30,162","24,859.40","23,050.50","28,097.90","36,014.47","36,353.09"
"01/29,11:18","74,500","74,600","74,400","74,500","74,520.00","74,510.00","74,510.00","74,546.67","74,314.17","26,875","22,071.60","24,472.40","26,737.20","35,623.18","36,665.48"
"01/29,11:17","74,400","74,600","74,400","74,500","74,520.00","74,510.00","74,510.00","74,545.00","74,307.50","17,216","28,225.40","22,871.90","29,010.25","35,806.32","36,494.76"
"01/29,11:16","74,500","74,600","74,400","74,500","74,520.00","74,510.00","74,520.00","74,545.00","74,300.83","35,639","25,486.40","24,521.00","28,371.50","36,490.90","36,528.10"
"01/29,11:15","74,600","74,600","74,500","74,500","74,520.00","74,500.00","74,530.00","74,543.33","74,295.00","14,405","18,804.60","30,901.80","27,240.40","36,824.50","36,612.20"
"01/29,11:14","74,500","74,600","74,500","74,600","74,520.00","74,490.00","74,535.00","74,540.00","74,288.33","16,223","21,241.60","40,756.50","28,457.10","36,903.90","36,795.28"
"01/29,11:13","74,400","74,600","74,400","74,500","74,500.00","74,490.00","74,535.00","74,536.67","74,280.83","57,644","26,873.20","39,575.20","29,025.30","37,414.07","37,463.50"
"01/29,11:12","74,500","74,500","74,400","74,500","74,500.00","74,500.00","74,540.00","74,535.00","74,272.50","3,521","17,518.40","34,382.90","26,590.25","37,933.55","38,036.34"
"01/29,11:11","74,500","74,500","74,400","74,500","74,500.00","74,510.00","74,540.00","74,535.00","74,266.67","2,230","23,555.60","34,684.50","31,588.25","39,329.13","38,310.43"
"01/29,11:10","74,500","74,600","74,400","74,500","74,480.00","74,510.00","74,540.00","74,533.33","74,260.83","26,590","42,999.00","35,257.00","32,010.60","39,433.97","38,610.45"
"01/29,11:09","74,500","74,600","74,400","74,500","74,460.00","74,510.00","74,540.00","74,530.00","74,255.00","44,381","60,271.40","33,145.30","31,310.75","40,132.38","38,457.30"
"01/29,11:08","74,500","74,600","74,500","74,500","74,480.00","74,510.00","74,540.00","74,526.67","74,249.17","10,870","52,277.20","29,002.00","29,520.35","41,786.43","38,745.07"
"01/29,11:07","74,500","74,600","74,400","74,500","74,500.00","74,510.00","74,540.00","74,520.00","74,242.50","33,707","51,247.40","35,148.60","34,650.65","41,869.47","39,395.40"
"01/29,11:06","74,400","74,500","74,400","74,400","74,520.00","74,530.00","74,545.00","74,513.33","74,237.50","99,447","45,813.40","32,222.00","33,605.90","42,284.82","39,666.53"
"01/29,11:05","74,500","74,600","74,400","74,400","74,540.00","74,560.00","74,555.00","74,508.33","74,233.33","112,952","27,515.00","23,579.00","29,014.60","40,759.27","39,450.12"
"01/29,11:04","74,500","74,600","74,500","74,600","74,560.00","74,580.00","74,565.00","74,503.33","74,230.00","4,410","6,019.20","16,157.70","23,897.75","38,950.88","39,815.20"
"01/29,11:03","74,600","74,600","74,500","74,600","74,540.00","74,580.00","74,570.00","74,496.67","74,224.17","5,721","5,726.80","18,475.40","24,114.05","38,994.02","40,381.40"
"01/29,11:02","74,600","74,600","74,500","74,600","74,520.00","74,580.00","74,570.00","74,490.00","74,216.67","6,537","19,049.80","18,797.60","24,206.45","39,190.57","40,716.89"
"01/29,11:01","74,600","74,600","74,500","74,500","74,540.00","74,570.00","74,570.00","74,483.33","74,209.17","7,955","18,630.60","28,492.00","24,662.70","39,722.97","40,875.48"
"01/29,11:00","74,500","74,600","74,500","74,500","74,580.00","74,570.00","74,575.00","74,476.67","74,203.33","5,473","19,643.00","28,764.20","26,754.95","40,198.98","41,508.02"
"01/29,10:59","74,500","74,600","74,500","74,500","74,600.00","74,570.00","74,580.00","74,471.67","74,198.33","2,948","26,296.20","29,476.20","28,159.15","41,044.57","44,476.68"
"01/29,10:58","74,600","74,700","74,500","74,500","74,620.00","74,570.00","74,580.00","74,465.00","74,189.17","72,336","31,224.00","30,038.70","28,205.15","41,134.13","50,322.32"
"01/29,10:57","74,600","74,700","74,600","74,700","74,640.00","74,570.00","74,580.00","74,460.00","74,181.67","4,441","18,545.40","34,152.70","24,875.00","40,025.48","50,661.96"
"01/29,10:56","74,600","74,700","74,600","74,700","74,600.00","74,560.00","74,575.00","74,451.67","74,173.33","13,017","38,353.40","34,989.80","24,758.05","40,010.80","50,803.48"
"01/29,10:55","74,600","74,700","74,500","74,600","74,560.00","74,550.00","74,570.00","74,441.67","74,164.17","38,739","37,885.40","34,450.20","27,850.90","39,861.78","50,821.83"
"01/29,10:54","74,600","74,600","74,500","74,600","74,540.00","74,550.00","74,570.00","74,435.00","74,155.83","27,587","32,656.20","31,637.80","26,059.10","39,313.50","50,610.79"
